№ указу,Дата указу,Посилання
874/2026,04.09.2026,https://www.president.gov.ua/documents/8742026-61457
875/2026,04.09.2026,https://www.president.gov.ua/documents/8752026-61465
854/2026,02.09.2026,https://www.president.gov.ua/documents/8542026-61433
845/2026,01.09.2026,https://www.president.gov.ua/documents/8452026-61349
815/2026,24.08.2026,https://www.president.gov.ua/documents/8152026-61225
830/2026,24.08.2026,https://www.president.gov.ua/documents/8302026-61445
811/2026,22.08.2026,https://www.president.gov.ua/documents/8112026-61185
812/2026,22.08.2026,https://www.president.gov.ua/documents/8122026-61269
755/2026,21.08.2026,https://www.president.gov.ua/documents/7552026-61189
756/2026,21.08.2026,https://www.president.gov.ua/documents/7562026-61101
762/2026,21.08.2026,https://www.president.gov.ua/documents/7622026-61125
763/2026,21.08.2026,https://www.president.gov.ua/documents/7632026-61129
764/2026,21.08.2026,https://www.president.gov.ua/documents/7642026-61133
767/2026,21.08.2026,https://www.president.gov.ua/documents/7672026-61265
770/2026,21.08.2026,https://www.president.gov.ua/documents/7702026-61137
736/2026,19.08.2026,https://www.president.gov.ua/documents/7362026-61065
737/2026,19.08.2026,https://www.president.gov.ua/documents/7372026-61069
722/2026,14.08.2026,https://www.president.gov.ua/documents/7222026-60877
714/2026,11.08.2026,https://www.president.gov.ua/documents/7142026-60853
715/2026,11.08.2026,https://www.president.gov.ua/documents/7152026-60857
716/2026,11.08.2026,https://www.president.gov.ua/documents/7162026-60849
706/2026,05.08.2026,https://www.president.gov.ua/documents/7062026-60833
705/2026,04.08.2026,https://www.president.gov.ua/documents/7052026-60801
680/2026,31.07.2026,https://www.president.gov.ua/documents/6802026-60741
681/2026,31.07.2026,https://www.president.gov.ua/documents/6812026-60725
691/2026,31.07.2026,https://www.president.gov.ua/documents/6912026-60729
640/2026,24.07.2026,https://www.president.gov.ua/documents/6402026-60525
637/2026,23.07.2026,https://www.president.gov.ua/documents/6372026-60505
638/2026,23.07.2026,https://www.president.gov.ua/documents/6382026-60517
634/2026,22.07.2026,https://www.president.gov.ua/documents/6342026-60721
625/2026,20.07.2026,https://www.president.gov.ua/documents/6252026-60445
603/2026,15.07.2026,https://www.president.gov.ua/documents/6032026-60345
604/2026,15.07.2026,https://www.president.gov.ua/documents/6042026-60349
570/2026,02.07.2026,https://www.president.gov.ua/documents/5702026-60241
571/2026,02.07.2026,https://www.president.gov.ua/documents/5712026-60233
572/2026,02.07.2026,https://www.president.gov.ua/documents/5722026-60201
563/2026,30.06.2026,https://www.president.gov.ua/documents/5632026-60193
564/2026,30.06.2026,https://www.president.gov.ua/documents/5642026-60221
566/2026,30.06.2026,https://www.president.gov.ua/documents/5662026-60277
568/2026,30.06.2026,https://www.president.gov.ua/documents/5682026-60189
562/2026,29.06.2026,https://www.president.gov.ua/documents/5622026-60185
539/2026,27.06.2026,https://www.president.gov.ua/documents/5392026-60173
540/2026,27.06.2026,https://www.president.gov.ua/documents/5402026-60165
541/2026,27.06.2026,https://www.president.gov.ua/documents/5412026-60177
531/2026,26.06.2026,https://www.president.gov.ua/documents/5312026-60161
532/2026,26.06.2026,https://www.president.gov.ua/documents/5322026-60169
533/2026,26.06.2026,https://www.president.gov.ua/documents/5332026-60157
510/2026,23.06.2026,https://www.president.gov.ua/documents/5102026-60117
484/2026,10.06.2026,https://www.president.gov.ua/documents/4842026-59849
482/2026,05.06.2026,https://www.president.gov.ua/documents/4822026-59825
480/2026,04.06.2026,https://www.president.gov.ua/documents/4802026-59817
471/2026,03.06.2026,https://www.president.gov.ua/documents/4712026-59769
478/2026,03.06.2026,https://www.president.gov.ua/documents/4782026-59805
479/2026,03.06.2026,https://www.president.gov.ua/documents/4792026-59809
442/2026,27.05.2026,https://www.president.gov.ua/documents/4422026-59657
428/2026,25.05.2026,https://www.president.gov.ua/documents/4282026-59625
425/2026,21.05.2026,https://www.president.gov.ua/documents/4252026-59605
413/2026,20.05.2026,https://www.president.gov.ua/documents/4132026-59569
414/2026,20.05.2026,https://www.president.gov.ua/documents/4142026-59593
380/2026,14.05.2026,https://www.president.gov.ua/documents/3802026-59429
366/2026,05.05.2026,https://www.president.gov.ua/documents/3662026-59333
367/2026,05.05.2026,https://www.president.gov.ua/documents/3672026-59373
357/2026,01.05.2026,https://www.president.gov.ua/documents/3572026-59325
354/2026,30.04.2026,https://www.president.gov.ua/documents/3542026-59313
355/2026,30.04.2026,https://www.president.gov.ua/documents/3552026-59317
356/2026,30.04.2026,https://www.president.gov.ua/documents/3562026-59321
349/2026,29.04.2026,https://www.president.gov.ua/documents/3492026-59305
345/2026,27.04.2026,https://www.president.gov.ua/documents/3452026-59273
346/2026,27.04.2026,https://www.president.gov.ua/documents/3462026-59277
341/2026,26.04.2026,https://www.president.gov.ua/documents/3412026-59265
328/2026,22.04.2026,https://www.president.gov.ua/documents/3282026-59261
317/2026,13.04.2026,https://www.president.gov.ua/documents/3172026-59161
318/2026,13.04.2026,https://www.president.gov.ua/documents/3182026-59165
306/2026,10.04.2026,https://www.president.gov.ua/documents/3062026-59169
299/2026,06.04.2026,https://www.president.gov.ua/documents/2992026-59101
289/2026,01.04.2026,https://www.president.gov.ua/documents/2892026-59053
286/2026,30.03.2026,https://www.president.gov.ua/documents/2862026-59029
276/2026,26.03.2026,https://www.president.gov.ua/documents/2762026-58989
258/2026,24.03.2026,https://www.president.gov.ua/documents/2582026-58965
262/2026,24.03.2026,https://www.president.gov.ua/documents/2622026-58901
250/2026,20.03.2026,https://www.president.gov.ua/documents/2502026-58893
251/2026,20.03.2026,https://www.president.gov.ua/documents/2512026-58881
237/2026,14.03.2026,https://www.president.gov.ua/documents/2372026-58821
238/2026,14.03.2026,https://www.president.gov.ua/documents/2382026-58825
236/2026,12.03.2026,https://www.president.gov.ua/documents/2362026-58817
234/2026,10.03.2026,https://www.president.gov.ua/documents/2342026-58805
221/2026,05.03.2026,https://www.president.gov.ua/documents/2212026-58765
224/2026,05.03.2026,https://www.president.gov.ua/documents/2242026-58749
225/2026,05.03.2026,https://www.president.gov.ua/documents/2252026-58753
218/2026,04.03.2026,https://www.president.gov.ua/documents/2182026-58745
207/2026,26.02.2026,https://www.president.gov.ua/documents/2072026-58657
208/2026,26.02.2026,https://www.president.gov.ua/documents/2082026-58681
201/2026,25.02.2026,https://www.president.gov.ua/documents/2012026-58629
136/2026,24.02.2026,https://www.president.gov.ua/documents/1362026-58373
137/2026,24.02.2026,https://www.president.gov.ua/documents/1372026-58377
145/2026,24.02.2026,https://www.president.gov.ua/documents/1452026-58405
147/2026,24.02.2026,https://www.president.gov.ua/documents/1472026-58409
148/2026,24.02.2026,https://www.president.gov.ua/documents/1482026-58413
132/2026,23.02.2026,https://www.president.gov.ua/documents/1322026-58545
134/2026,23.02.2026,https://www.president.gov.ua/documents/1342026-58469
124/2026,17.02.2026,https://www.president.gov.ua/documents/1242026-58461
106/2026,10.02.2026,https://www.president.gov.ua/documents/1062026-58281
107/2026,10.02.2026,https://www.president.gov.ua/documents/1072026-58285
98/2026,02.02.2026,https://www.president.gov.ua/documents/982026-58249
89/2026,30.01.2026,https://www.president.gov.ua/documents/892026-58197
74/2026,26.01.2026,https://www.president.gov.ua/documents/742026-58161
78/2026,26.01.2026,https://www.president.gov.ua/documents/782026-58177
67/2026,22.01.2026,https://www.president.gov.ua/documents/672026-58109
68/2026,22.01.2026,https://www.president.gov.ua/documents/682026-58117
69/2026,22.01.2026,https://www.president.gov.ua/documents/692026-58113
70/2026,22.01.2026,https://www.president.gov.ua/documents/702026-58121
64/2026,19.01.2026,https://www.president.gov.ua/documents/642026-58125
59/2026,16.01.2026,https://www.president.gov.ua/documents/592026-58077
54/2026,14.01.2026,https://www.president.gov.ua/documents/542026-58061
55/2026,14.01.2026,https://www.president.gov.ua/documents/552026-58065
56/2026,14.01.2026,https://www.president.gov.ua/documents/562026-58069
42/2026,12.01.2026,https://www.president.gov.ua/documents/422026-58021
2/2026,02.01.2026,https://www.president.gov.ua/documents/22026-57865
1/2026,01.01.2026,https://www.president.gov.ua/documents/12026-57857
1010/2025,30.12.2025,https://www.president.gov.ua/documents/10102025-57821
1002/2025,26.12.2025,https://www.president.gov.ua/documents/10022025-57813
995/2025,26.12.2025,https://www.president.gov.ua/documents/9952025-57861
988/2025,25.12.2025,https://www.president.gov.ua/documents/9882025-57749
989/2025,25.12.2025,https://www.president.gov.ua/documents/9892025-57753
974/2025,22.12.2025,https://www.president.gov.ua/documents/9742025-57689
975/2025,22.12.2025,https://www.president.gov.ua/documents/9752025-57697
928/2025,13.12.2025,https://www.president.gov.ua/documents/9282025-57705
923/2025,11.12.2025,https://www.president.gov.ua/documents/9232025-57477
919/2025,07.12.2025,https://www.president.gov.ua/documents/9192025-57449
917/2025,06.12.2025,https://www.president.gov.ua/documents/9172025-57445
886/2025,05.12.2025,https://www.president.gov.ua/documents/8862025-57429
900/2025,05.12.2025,https://www.president.gov.ua/documents/9002025-57461
881/2025,04.12.2025,https://www.president.gov.ua/documents/8812025-57365
882/2025,04.12.2025,https://www.president.gov.ua/documents/8822025-57377
883/2025,04.12.2025,https://www.president.gov.ua/documents/8832025-57293
885/2025,04.12.2025,https://www.president.gov.ua/documents/8852025-57313
874/2025,03.12.2025,https://www.president.gov.ua/documents/8742025-57289
875/2025,03.12.2025,https://www.president.gov.ua/documents/8752025-57297
878/2025,03.12.2025,https://www.president.gov.ua/documents/8782025-57281
873/2025,30.11.2025,https://www.president.gov.ua/documents/8732025-57269
864/2025,27.11.2025,https://www.president.gov.ua/documents/8642025-57217
855/2025,24.11.2025,https://www.president.gov.ua/documents/8552025-57181
850/2025,21.11.2025,https://www.president.gov.ua/documents/8502025-57157
851/2025,21.11.2025,https://www.president.gov.ua/documents/8512025-57165
852/2025,21.11.2025,https://www.president.gov.ua/documents/8522025-57161
848/2025,18.11.2025,https://www.president.gov.ua/documents/8482025-57145
847/2025,15.11.2025,https://www.president.gov.ua/documents/8472025-57141
844/2025,13.11.2025,https://www.president.gov.ua/documents/8442025-57117
840/2025,12.11.2025,https://www.president.gov.ua/documents/8402025-57105
841/2025,12.11.2025,https://www.president.gov.ua/documents/8412025-57109
842/2025,12.11.2025,https://www.president.gov.ua/documents/8422025-57177
839/2025,11.11.2025,https://www.president.gov.ua/documents/8392025-57101
837/2025,10.11.2025,https://www.president.gov.ua/documents/8372025-57093
838/2025,10.11.2025,https://www.president.gov.ua/documents/8382025-57089
829/2025,07.11.2025,https://www.president.gov.ua/documents/8292025-57065
830/2025,07.11.2025,https://www.president.gov.ua/documents/8302025-57097
818/2025,06.11.2025,https://www.president.gov.ua/documents/8182025-57025
821/2025,06.11.2025,https://www.president.gov.ua/documents/8212025-57017
814/2025,01.11.2025,https://www.president.gov.ua/documents/8142025-57129
809/2025,31.10.2025,https://www.president.gov.ua/documents/8092025-57001
812/2025,31.10.2025,https://www.president.gov.ua/documents/8122025-57005
802/2025,28.10.2025,https://www.president.gov.ua/documents/8022025-56941
803/2025,28.10.2025,https://www.president.gov.ua/documents/8032025-56945
804/2025,28.10.2025,https://www.president.gov.ua/documents/8042025-56949
795/2025,20.10.2025,https://www.president.gov.ua/documents/7952025-56905
774/2025,09.10.2025,https://www.president.gov.ua/documents/7742025-56849
750/2025,04.10.2025,https://www.president.gov.ua/documents/7502025-56753
742/2025,03.10.2025,https://www.president.gov.ua/documents/7422025-56721
697/2025,30.09.2025,https://www.president.gov.ua/documents/6972025-56561
698/2025,30.09.2025,https://www.president.gov.ua/documents/6982025-56565
716/2025,30.09.2025,https://www.president.gov.ua/documents/7162025-56621
721/2025,30.09.2025,https://www.president.gov.ua/documents/7212025-56641
685/2025,17.09.2025,https://www.president.gov.ua/documents/6852025-56525
686/2025,17.09.2025,https://www.president.gov.ua/documents/6862025-56529
683/2025,16.09.2025,https://www.president.gov.ua/documents/6832025-56513
682/2025,14.09.2025,https://www.president.gov.ua/documents/6822025-56481
680/2025,12.09.2025,https://www.president.gov.ua/documents/6802025-56477
681/2025,12.09.2025,https://www.president.gov.ua/documents/6812025-56469
674/2025,09.09.2025,https://www.president.gov.ua/documents/6742025-56437
672/2025,06.09.2025,https://www.president.gov.ua/documents/6722025-56425
670/2025,02.09.2025,https://www.president.gov.ua/documents/6702025-56417
667/2025,30.08.2025,https://www.president.gov.ua/documents/6672025-56401
668/2025,30.08.2025,https://www.president.gov.ua/documents/6682025-56405
616/2025,23.08.2025,https://www.president.gov.ua/documents/6162025-56337
617/2025,23.08.2025,https://www.president.gov.ua/documents/6172025-56341
623/2025,23.08.2025,https://www.president.gov.ua/documents/6232025-56201
624/2025,23.08.2025,https://www.president.gov.ua/documents/6242025-56205
609/2025,22.08.2025,https://www.president.gov.ua/documents/6092025-56209
610/2025,22.08.2025,https://www.president.gov.ua/documents/6102025-56213
604/2025,21.08.2025,https://www.president.gov.ua/documents/6042025-56169
598/2025,15.08.2025,https://www.president.gov.ua/documents/5982025-56137
590/2025,08.08.2025,https://www.president.gov.ua/documents/5902025-56109
586/2025,05.08.2025,https://www.president.gov.ua/documents/5862025-56081
582/2025,04.08.2025,https://www.president.gov.ua/documents/5822025-56077
563/2025,01.08.2025,https://www.president.gov.ua/documents/5632025-56025
565/2025,01.08.2025,https://www.president.gov.ua/documents/5652025-56065
559/2025,29.07.2025,https://www.president.gov.ua/documents/5592025-55981
560/2025,29.07.2025,https://www.president.gov.ua/documents/5602025-55985
561/2025,29.07.2025,https://www.president.gov.ua/documents/5612025-55989
550/2025,25.07.2025,https://www.president.gov.ua/documents/5502025-55945
545/2025,24.07.2025,https://www.president.gov.ua/documents/5452025-55941
540/2025,23.07.2025,https://www.president.gov.ua/documents/5402025-55889
541/2025,23.07.2025,https://www.president.gov.ua/documents/5412025-55885
542/2025,23.07.2025,https://www.president.gov.ua/documents/5422025-55937
543/2025,23.07.2025,https://www.president.gov.ua/documents/5432025-55897
503/2025,20.07.2025,https://www.president.gov.ua/documents/5032025-55733
490/2025,15.07.2025,https://www.president.gov.ua/documents/4902025-55681
480/2025,14.07.2025,https://www.president.gov.ua/documents/4802025-55661
452/2025,04.07.2025,https://www.president.gov.ua/documents/4522025-55593
453/2025,04.07.2025,https://www.president.gov.ua/documents/4532025-55545
463/2025,04.07.2025,https://www.president.gov.ua/documents/4632025-55581
447/2025,02.07.2025,https://www.president.gov.ua/documents/4472025-55533
446/2025,01.07.2025,https://www.president.gov.ua/documents/4462025-55525
424/2025,27.06.2025,https://www.president.gov.ua/documents/4242025-55497
435/2025,27.06.2025,https://www.president.gov.ua/documents/4352025-55449
436/2025,27.06.2025,https://www.president.gov.ua/documents/4362025-55457
413/2025,19.06.2025,https://www.president.gov.ua/documents/4132025-55389
411/2025,14.06.2025,https://www.president.gov.ua/documents/4112025-55381
409/2025,13.06.2025,https://www.president.gov.ua/documents/4092025-55369
410/2025,13.06.2025,https://www.president.gov.ua/documents/4102025-55373
394/2025,09.06.2025,https://www.president.gov.ua/documents/3942025-55309
391/2025,06.06.2025,https://www.president.gov.ua/documents/3912025-55293
392/2025,06.06.2025,https://www.president.gov.ua/documents/3922025-55305
393/2025,06.06.2025,https://www.president.gov.ua/documents/3932025-55313
357/2025,30.05.2025,https://www.president.gov.ua/documents/3572025-55153
358/2025,30.05.2025,https://www.president.gov.ua/documents/3582025-55157
352/2025,27.05.2025,https://www.president.gov.ua/documents/3522025-55129
351/2025,26.05.2025,https://www.president.gov.ua/documents/3512025-55113
313/2025,23.05.2025,https://www.president.gov.ua/documents/3132025-55061
310/2025,20.05.2025,https://www.president.gov.ua/documents/3102025-54909
309/2025,19.05.2025,https://www.president.gov.ua/documents/3092025-54925
307/2025,15.05.2025,https://www.president.gov.ua/documents/3072025-54901
302/2025,12.05.2025,https://www.president.gov.ua/documents/3022025-54865
286/2025,07.05.2025,https://www.president.gov.ua/documents/2862025-54797
287/2025,07.05.2025,https://www.president.gov.ua/documents/2872025-54801
270/2025,01.05.2025,https://www.president.gov.ua/documents/2702025-54737
271/2025,01.05.2025,https://www.president.gov.ua/documents/2712025-54749
252/2025,29.04.2025,https://www.president.gov.ua/documents/2522025-54701
237/2025,16.04.2025,https://www.president.gov.ua/documents/2372025-54537
238/2025,16.04.2025,https://www.president.gov.ua/documents/2382025-54541
233/2025,14.04.2025,https://www.president.gov.ua/documents/2332025-54489
234/2025,14.04.2025,https://www.president.gov.ua/documents/2342025-54477
223/2025,09.04.2025,https://www.president.gov.ua/documents/2232025-54421
204/2025,01.04.2025,https://www.president.gov.ua/documents/2042025-54337
205/2025,01.04.2025,https://www.president.gov.ua/documents/2052025-54333
202/2025,31.03.2025,https://www.president.gov.ua/documents/2022025-54325
203/2025,31.03.2025,https://www.president.gov.ua/documents/2032025-54321
200/2025,27.03.2025,https://www.president.gov.ua/documents/2002025-54313
175/2025,24.03.2025,https://www.president.gov.ua/documents/1752025-54261
173/2025,21.03.2025,https://www.president.gov.ua/documents/1732025-54165
172/2025,17.03.2025,https://www.president.gov.ua/documents/1722025-54161
162/2025,14.03.2025,https://www.president.gov.ua/documents/1622025-54105
160/2025,13.03.2025,https://www.president.gov.ua/documents/1602025-54093
161/2025,13.03.2025,https://www.president.gov.ua/documents/1612025-54097
157/2025,08.03.2025,https://www.president.gov.ua/documents/1572025-54081
152/2025,05.03.2025,https://www.president.gov.ua/documents/1522025-54061
145/2025,26.02.2025,https://www.president.gov.ua/documents/1452025-54029
150/2025,26.02.2025,https://www.president.gov.ua/documents/1502025-54049
122/2025,23.02.2025,https://www.president.gov.ua/documents/1222025-53821
88/2025,20.02.2025,https://www.president.gov.ua/documents/882025-53933
90/2025,20.02.2025,https://www.president.gov.ua/documents/902025-53809
91/2025,20.02.2025,https://www.president.gov.ua/documents/912025-53813
92/2025,20.02.2025,https://www.president.gov.ua/documents/922025-53817
64/2025,05.02.2025,https://www.president.gov.ua/documents/642025-53737
62/2025,04.02.2025,https://www.president.gov.ua/documents/622025-53709
60/2025,29.01.2025,https://www.president.gov.ua/documents/602025-53681
39/2025,20.01.2025,https://www.president.gov.ua/documents/392025-53661
55/2025,20.01.2025,https://www.president.gov.ua/documents/552025-53605
37/2025,18.01.2025,https://www.president.gov.ua/documents/372025-53601
35/2025,16.01.2025,https://www.president.gov.ua/documents/352025-53593
28/2025,14.01.2025,https://www.president.gov.ua/documents/282025-53557
29/2025,14.01.2025,https://www.president.gov.ua/documents/292025-53553
890/2024,31.12.2024,https://www.president.gov.ua/documents/8902024-53337
891/2024,31.12.2024,https://www.president.gov.ua/documents/8912024-53329
882/2024,26.12.2024,https://www.president.gov.ua/documents/8822024-53325
880/2024,25.12.2024,https://www.president.gov.ua/documents/8802024-53305
859/2024,20.12.2024,https://www.president.gov.ua/documents/8592024-53301
858/2024,19.12.2024,https://www.president.gov.ua/documents/8582024-53313
855/2024,13.12.2024,https://www.president.gov.ua/documents/8552024-53201
842/2024,11.12.2024,https://www.president.gov.ua/documents/8422024-53141
843/2024,11.12.2024,https://www.president.gov.ua/documents/8432024-53145
836/2024,06.12.2024,https://www.president.gov.ua/documents/8362024-53097
837/2024,06.12.2024,https://www.president.gov.ua/documents/8372024-53105
801/2024,04.12.2024,https://www.president.gov.ua/documents/8012024-53125
798/2024,03.12.2024,https://www.president.gov.ua/documents/7982024-53017
797/2024,02.12.2024,https://www.president.gov.ua/documents/7972024-52929
794/2024,01.12.2024,https://www.president.gov.ua/documents/7942024-52925
795/2024,01.12.2024,https://www.president.gov.ua/documents/7952024-52917
787/2024,27.11.2024,https://www.president.gov.ua/documents/7872024-52873
785/2024,26.11.2024,https://www.president.gov.ua/documents/7852024-52941
773/2024,19.11.2024,https://www.president.gov.ua/documents/7732024-52805
770/2024,18.11.2024,https://www.president.gov.ua/documents/7702024-52781
771/2024,18.11.2024,https://www.president.gov.ua/documents/7712024-52785
772/2024,18.11.2024,https://www.president.gov.ua/documents/7722024-52797
765/2024,15.11.2024,https://www.president.gov.ua/documents/7652024-52773
766/2024,15.11.2024,https://www.president.gov.ua/documents/7662024-52777
767/2024,15.11.2024,https://www.president.gov.ua/documents/7672024-52765
759/2024,11.11.2024,https://www.president.gov.ua/documents/7592024-52741
760/2024,11.11.2024,https://www.president.gov.ua/documents/7602024-52737
752/2024,07.11.2024,https://www.president.gov.ua/documents/7522024-52705
749/2024,04.11.2024,https://www.president.gov.ua/documents/7492024-52653
747/2024,01.11.2024,https://www.president.gov.ua/documents/7472024-52637
743/2024,31.10.2024,https://www.president.gov.ua/documents/7432024-52633
742/2024,28.10.2024,https://www.president.gov.ua/documents/7422024-52625
734/2024,23.10.2024,https://www.president.gov.ua/documents/7342024-52585
730/2024,21.10.2024,https://www.president.gov.ua/documents/7302024-52545
731/2024,21.10.2024,https://www.president.gov.ua/documents/7312024-52561
729/2024,18.10.2024,https://www.president.gov.ua/documents/7292024-53013
702/2024,16.10.2024,https://www.president.gov.ua/documents/7022024-52433
704/2024,16.10.2024,https://www.president.gov.ua/documents/7042024-52445
701/2024,14.10.2024,https://www.president.gov.ua/documents/7012024-52417
689/2024,04.10.2024,https://www.president.gov.ua/documents/6892024-52385
684/2024,03.10.2024,https://www.president.gov.ua/documents/6842024-52361
685/2024,03.10.2024,https://www.president.gov.ua/documents/6852024-52373
686/2024,03.10.2024,https://www.president.gov.ua/documents/6862024-52377
648/2024,30.09.2024,https://www.president.gov.ua/documents/6482024-52221
649/2024,30.09.2024,https://www.president.gov.ua/documents/6492024-52201
650/2024,30.09.2024,https://www.president.gov.ua/documents/6502024-52205
641/2024,20.09.2024,https://www.president.gov.ua/documents/6412024-52177
635/2024,18.09.2024,https://www.president.gov.ua/documents/6352024-52161
634/2024,17.09.2024,https://www.president.gov.ua/documents/6342024-52129
631/2024,16.09.2024,https://www.president.gov.ua/documents/6312024-52141
633/2024,16.09.2024,https://www.president.gov.ua/documents/6332024-52133
630/2024,14.09.2024,https://www.president.gov.ua/documents/6302024-52125
629/2024,13.09.2024,https://www.president.gov.ua/documents/6292024-52121
624/2024,09.09.2024,https://www.president.gov.ua/documents/6242024-52097
611/2024,05.09.2024,https://www.president.gov.ua/documents/6112024-52045
599/2024,30.08.2024,https://www.president.gov.ua/documents/5992024-52025
513/2024,23.08.2024,https://www.president.gov.ua/documents/5132024-51865
514/2024,23.08.2024,https://www.president.gov.ua/documents/5142024-51677
515/2024,23.08.2024,https://www.president.gov.ua/documents/5152024-51885
516/2024,23.08.2024,https://www.president.gov.ua/documents/5162024-51869
573/2024,23.08.2024,https://www.president.gov.ua/documents/5732024-51889
576/2024,23.08.2024,https://www.president.gov.ua/documents/5762024-51873
505/2024,16.08.2024,https://www.president.gov.ua/documents/5052024-51645
503/2024,12.08.2024,https://www.president.gov.ua/documents/5032024-51881
502/2024,09.08.2024,https://www.president.gov.ua/documents/5022024-51617
501/2024,07.08.2024,https://www.president.gov.ua/documents/5012024-51613
493/2024,02.08.2024,https://www.president.gov.ua/documents/4932024-51569
500/2024,02.08.2024,https://www.president.gov.ua/documents/5002024-51565
489/2024,27.07.2024,https://www.president.gov.ua/documents/4892024-51553
478/2024,26.07.2024,https://www.president.gov.ua/documents/4782024-51493
479/2024,26.07.2024,https://www.president.gov.ua/documents/4792024-51485
480/2024,26.07.2024,https://www.president.gov.ua/documents/4802024-51533
481/2024,26.07.2024,https://www.president.gov.ua/documents/4812024-51529
482/2024,26.07.2024,https://www.president.gov.ua/documents/4822024-51489
488/2024,26.07.2024,https://www.president.gov.ua/documents/4882024-51525
473/2024,25.07.2024,https://www.president.gov.ua/documents/4732024-51481
466/2024,17.07.2024,https://www.president.gov.ua/documents/4662024-51409
465/2024,16.07.2024,https://www.president.gov.ua/documents/4652024-51453
455/2024,05.07.2024,https://www.president.gov.ua/documents/4552024-51389
410/2024,04.07.2024,https://www.president.gov.ua/documents/4102024-51365
405/2024,03.07.2024,https://www.president.gov.ua/documents/4052024-51193
383/2024,28.06.2024,https://www.president.gov.ua/documents/3832024-51113
401/2024,28.06.2024,https://www.president.gov.ua/documents/4012024-51109
379/2024,25.06.2024,https://www.president.gov.ua/documents/3792024-51105
381/2024,25.06.2024,https://www.president.gov.ua/documents/3812024-51089
378/2024,24.06.2024,https://www.president.gov.ua/documents/3782024-51069
370/2024,21.06.2024,https://www.president.gov.ua/documents/3702024-51013
371/2024,21.06.2024,https://www.president.gov.ua/documents/3712024-51017
357/2024,19.06.2024,https://www.president.gov.ua/documents/3572024-50997
358/2024,19.06.2024,https://www.president.gov.ua/documents/3582024-51001
356/2024,18.06.2024,https://www.president.gov.ua/documents/3562024-50993
351/2024,17.06.2024,https://www.president.gov.ua/documents/3512024-50909
352/2024,17.06.2024,https://www.president.gov.ua/documents/3522024-50925
353/2024,17.06.2024,https://www.president.gov.ua/documents/3532024-50973
354/2024,17.06.2024,https://www.president.gov.ua/documents/3542024-50969
347/2024,07.06.2024,https://www.president.gov.ua/documents/3472024-50965
346/2024,04.06.2024,https://www.president.gov.ua/documents/3462024-50945
343/2024,23.05.2024,https://www.president.gov.ua/documents/3432024-50901
339/2024,22.05.2024,https://www.president.gov.ua/documents/3392024-50881
338/2024,18.05.2024,https://www.president.gov.ua/documents/3382024-50873
334/2024,17.05.2024,https://www.president.gov.ua/documents/3342024-50853
335/2024,17.05.2024,https://www.president.gov.ua/documents/3352024-50857
336/2024,17.05.2024,https://www.president.gov.ua/documents/3362024-50845
337/2024,17.05.2024,https://www.president.gov.ua/documents/3372024-50841
325/2024,15.05.2024,https://www.president.gov.ua/documents/3252024-50837
321/2024,13.05.2024,https://www.president.gov.ua/documents/3212024-50797
322/2024,13.05.2024,https://www.president.gov.ua/documents/3222024-50801
323/2024,13.05.2024,https://www.president.gov.ua/documents/3232024-50793
270/2024,03.05.2024,https://www.president.gov.ua/documents/2702024-50593
269/2024,02.05.2024,https://www.president.gov.ua/documents/2692024-50573
256/2024,01.05.2024,https://www.president.gov.ua/documents/2562024-50525
255/2024,30.04.2024,https://www.president.gov.ua/documents/2552024-50489
247/2024,29.04.2024,https://www.president.gov.ua/documents/2472024-50589
248/2024,29.04.2024,https://www.president.gov.ua/documents/2482024-50497
241/2024,25.04.2024,https://www.president.gov.ua/documents/2412024-50469
242/2024,25.04.2024,https://www.president.gov.ua/documents/2422024-50461
236/2024,23.04.2024,https://www.president.gov.ua/documents/2362024-50409
237/2024,23.04.2024,https://www.president.gov.ua/documents/2372024-50401
238/2024,23.04.2024,https://www.president.gov.ua/documents/2382024-50405
233/2024,18.04.2024,https://www.president.gov.ua/documents/2332024-50421
231/2024,17.04.2024,https://www.president.gov.ua/documents/2312024-50397
224/2024,10.04.2024,https://www.president.gov.ua/documents/2242024-50373
222/2024,08.04.2024,https://www.president.gov.ua/documents/2222024-50337
223/2024,08.04.2024,https://www.president.gov.ua/documents/2232024-50369
221/2024,07.04.2024,https://www.president.gov.ua/documents/2212024-50357
216/2024,04.04.2024,https://www.president.gov.ua/documents/2162024-50341
217/2024,04.04.2024,https://www.president.gov.ua/documents/2172024-50349
215/2024,03.04.2024,https://www.president.gov.ua/documents/2152024-50321
191/2024,29.03.2024,https://www.president.gov.ua/documents/1912024-50285
182/2024,26.03.2024,https://www.president.gov.ua/documents/1822024-50221
183/2024,26.03.2024,https://www.president.gov.ua/documents/1832024-52053
184/2024,26.03.2024,https://www.president.gov.ua/documents/1842024-50165
171/2024,25.03.2024,https://www.president.gov.ua/documents/1712024-50169
176/2024,25.03.2024,https://www.president.gov.ua/documents/1762024-50217
166/2024,22.03.2024,https://www.president.gov.ua/documents/1662024-50129
162/2024,20.03.2024,https://www.president.gov.ua/documents/1622024-50117
163/2024,20.03.2024,https://www.president.gov.ua/documents/1632024-50133
160/2024,19.03.2024,https://www.president.gov.ua/documents/1602024-50109
156/2024,14.03.2024,https://www.president.gov.ua/documents/1562024-50097
159/2024,14.03.2024,https://www.president.gov.ua/documents/1592024-50093
154/2024,13.03.2024,https://www.president.gov.ua/documents/1542024-50077
151/2024,12.03.2024,https://www.president.gov.ua/documents/1512024-50061
152/2024,12.03.2024,https://www.president.gov.ua/documents/1522024-50057
147/2024,07.03.2024,https://www.president.gov.ua/documents/1472024-50017
148/2024,07.03.2024,https://www.president.gov.ua/documents/1482024-50021
135/2024,29.02.2024,https://www.president.gov.ua/documents/1352024-49973
136/2024,29.02.2024,https://www.president.gov.ua/documents/1362024-49977
127/2024,24.02.2024,https://www.president.gov.ua/documents/1272024-49837
128/2024,24.02.2024,https://www.president.gov.ua/documents/1282024-49833
129/2024,24.02.2024,https://www.president.gov.ua/documents/1292024-49825
130/2024,24.02.2024,https://www.president.gov.ua/documents/1302024-49829
95/2024,23.02.2024,https://www.president.gov.ua/documents/952024-49817
96/2024,23.02.2024,https://www.president.gov.ua/documents/962024-49669
98/2024,23.02.2024,https://www.president.gov.ua/documents/982024-49821
81/2024,18.02.2024,https://www.president.gov.ua/documents/812024-49773
75/2024,12.02.2024,https://www.president.gov.ua/documents/752024-49653
76/2024,12.02.2024,https://www.president.gov.ua/documents/762024-49749
63/2024,09.02.2024,https://www.president.gov.ua/documents/632024-49641
52/2024,06.02.2024,https://www.president.gov.ua/documents/522024-49613
53/2024,06.02.2024,https://www.president.gov.ua/documents/532024-49633
54/2024,06.02.2024,https://www.president.gov.ua/documents/542024-49637
39/2024,02.02.2024,https://www.president.gov.ua/documents/392024-49601
40/2024,02.02.2024,https://www.president.gov.ua/documents/402024-49581
41/2024,02.02.2024,https://www.president.gov.ua/documents/412024-49605
42/2024,02.02.2024,https://www.president.gov.ua/documents/422024-49573
43/2024,02.02.2024,https://www.president.gov.ua/documents/432024-49609
45/2024,02.02.2024,https://www.president.gov.ua/documents/452024-49645
35/2024,29.01.2024,https://www.president.gov.ua/documents/352024-49577
24/2024,26.01.2024,https://www.president.gov.ua/documents/242024-49525
32/2024,26.01.2024,https://www.president.gov.ua/documents/322024-49537
23/2024,25.01.2024,https://www.president.gov.ua/documents/232024-49529
16/2024,22.01.2024,https://www.president.gov.ua/documents/162024-49517
19/2024,22.01.2024,https://www.president.gov.ua/documents/192024-49509
14/2024,20.01.2024,https://www.president.gov.ua/documents/142024-49501
15/2024,20.01.2024,https://www.president.gov.ua/documents/152024-49505
12/2024,18.01.2024,https://www.president.gov.ua/documents/122024-49497
13/2024,18.01.2024,https://www.president.gov.ua/documents/132024-49485
11/2024,12.01.2024,https://www.president.gov.ua/documents/112024-49493
9/2024,11.01.2024,https://www.president.gov.ua/documents/92024-49477
5/2024,08.01.2024,https://www.president.gov.ua/documents/52024-49449
6/2024,08.01.2024,https://www.president.gov.ua/documents/62024-49453
7/2024,08.01.2024,https://www.president.gov.ua/documents/72024-49457
2/2024,02.01.2024,https://www.president.gov.ua/documents/22024-49445
864/2023,30.12.2023,https://www.president.gov.ua/documents/8642023-49401
865/2023,30.12.2023,https://www.president.gov.ua/documents/8652023-49405
866/2023,30.12.2023,https://www.president.gov.ua/documents/8662023-49409
867/2023,30.12.2023,https://www.president.gov.ua/documents/8672023-49413
870/2023,30.12.2023,https://www.president.gov.ua/documents/8702023-49429
863/2023,29.12.2023,https://www.president.gov.ua/documents/8632023-49397
860/2023,28.12.2023,https://www.president.gov.ua/documents/8602023-49389
861/2023,28.12.2023,https://www.president.gov.ua/documents/8612023-49377
854/2023,27.12.2023,https://www.president.gov.ua/documents/8542023-49381
855/2023,27.12.2023,https://www.president.gov.ua/documents/8552023-49357
856/2023,27.12.2023,https://www.president.gov.ua/documents/8562023-49345
847/2023,22.12.2023,https://www.president.gov.ua/documents/8472023-49245
848/2023,22.12.2023,https://www.president.gov.ua/documents/8482023-49325
849/2023,22.12.2023,https://www.president.gov.ua/documents/8492023-49253
828/2023,21.12.2023,https://www.president.gov.ua/documents/8282023-49257
830/2023,21.12.2023,https://www.president.gov.ua/documents/8302023-49285
824/2023,20.12.2023,https://www.president.gov.ua/documents/8242023-49217
825/2023,20.12.2023,https://www.president.gov.ua/documents/8252023-49221
826/2023,20.12.2023,https://www.president.gov.ua/documents/8262023-49213
827/2023,20.12.2023,https://www.president.gov.ua/documents/8272023-49229
821/2023,18.12.2023,https://www.president.gov.ua/documents/8212023-49241
816/2023,08.12.2023,https://www.president.gov.ua/documents/8162023-49197
817/2023,08.12.2023,https://www.president.gov.ua/documents/8172023-49201
818/2023,08.12.2023,https://www.president.gov.ua/documents/8182023-49205
815/2023,07.12.2023,https://www.president.gov.ua/documents/8152023-49169
798/2023,04.12.2023,https://www.president.gov.ua/documents/7982023-49117
794/2023,01.12.2023,https://www.president.gov.ua/documents/7942023-49077
795/2023,01.12.2023,https://www.president.gov.ua/documents/7952023-49073
796/2023,01.12.2023,https://www.president.gov.ua/documents/7962023-49061
797/2023,01.12.2023,https://www.president.gov.ua/documents/7972023-49065
792/2023,29.11.2023,https://www.president.gov.ua/documents/7922023-49081
791/2023,28.11.2023,https://www.president.gov.ua/documents/7912023-49069
790/2023,27.11.2023,https://www.president.gov.ua/documents/7902023-49041
775/2023,24.11.2023,https://www.president.gov.ua/documents/7752023-48985
776/2023,24.11.2023,https://www.president.gov.ua/documents/7762023-48989
777/2023,24.11.2023,https://www.president.gov.ua/documents/7772023-48993
763/2023,20.11.2023,https://www.president.gov.ua/documents/7632023-48929
754/2023,17.11.2023,https://www.president.gov.ua/documents/7542023-48889
755/2023,17.11.2023,https://www.president.gov.ua/documents/7552023-48877
756/2023,17.11.2023,https://www.president.gov.ua/documents/7562023-48881
750/2023,16.11.2023,https://www.president.gov.ua/documents/7502023-48905
751/2023,16.11.2023,https://www.president.gov.ua/documents/7512023-48893
752/2023,16.11.2023,https://www.president.gov.ua/documents/7522023-48885
745/2023,10.11.2023,https://www.president.gov.ua/documents/7452023-48849
746/2023,10.11.2023,https://www.president.gov.ua/documents/7462023-48853
747/2023,10.11.2023,https://www.president.gov.ua/documents/7472023-48857
741/2023,08.11.2023,https://www.president.gov.ua/documents/7412023-48825
742/2023,08.11.2023,https://www.president.gov.ua/documents/7422023-48829
743/2023,08.11.2023,https://www.president.gov.ua/documents/7432023-48757
724/2023,03.11.2023,https://www.president.gov.ua/documents/7242023-48793
725/2023,03.11.2023,https://www.president.gov.ua/documents/7252023-48761
726/2023,03.11.2023,https://www.president.gov.ua/documents/7262023-48781
731/2023,03.11.2023,https://www.president.gov.ua/documents/7312023-48777
732/2023,03.11.2023,https://www.president.gov.ua/documents/7322023-48773
723/2023,02.11.2023,https://www.president.gov.ua/documents/7232023-48769
718/2023,31.10.2023,https://www.president.gov.ua/documents/7182023-48765
719/2023,31.10.2023,https://www.president.gov.ua/documents/7192023-48745
715/2023,30.10.2023,https://www.president.gov.ua/documents/7152023-48713
708/2023,24.10.2023,https://www.president.gov.ua/documents/7082023-48557
709/2023,24.10.2023,https://www.president.gov.ua/documents/7092023-48705
696/2023,19.10.2023,https://www.president.gov.ua/documents/6962023-48665
697/2023,19.10.2023,https://www.president.gov.ua/documents/6972023-48661
698/2023,19.10.2023,https://www.president.gov.ua/documents/6982023-48561
692/2023,16.10.2023,https://www.president.gov.ua/documents/6922023-48637
693/2023,16.10.2023,https://www.president.gov.ua/documents/6932023-48629
694/2023,16.10.2023,https://www.president.gov.ua/documents/6942023-48633
687/2023,12.10.2023,https://www.president.gov.ua/documents/6872023-48613
688/2023,12.10.2023,https://www.president.gov.ua/documents/6882023-48605
689/2023,12.10.2023,https://www.president.gov.ua/documents/6892023-48609
683/2023,09.10.2023,https://www.president.gov.ua/documents/6832023-48565
684/2023,09.10.2023,https://www.president.gov.ua/documents/6842023-48569
674/2023,02.10.2023,https://www.president.gov.ua/documents/6742023-48545
675/2023,02.10.2023,https://www.president.gov.ua/documents/6752023-48553
673/2023,29.09.2023,https://www.president.gov.ua/documents/6732023-48533
596/2023,28.09.2023,https://www.president.gov.ua/documents/5962023-48237
597/2023,28.09.2023,https://www.president.gov.ua/documents/5972023-48241
598/2023,28.09.2023,https://www.president.gov.ua/documents/5982023-48245
599/2023,28.09.2023,https://www.president.gov.ua/documents/5992023-48249
600/2023,28.09.2023,https://www.president.gov.ua/documents/6002023-48253
601/2023,28.09.2023,https://www.president.gov.ua/documents/6012023-48257
603/2023,28.09.2023,https://www.president.gov.ua/documents/6032023-48277
590/2023,27.09.2023,https://www.president.gov.ua/documents/5902023-48261
588/2023,25.09.2023,https://www.president.gov.ua/documents/5882023-48197
584/2023,15.09.2023,https://www.president.gov.ua/documents/5842023-48209
585/2023,15.09.2023,https://www.president.gov.ua/documents/5852023-48157
586/2023,15.09.2023,https://www.president.gov.ua/documents/5862023-48161
587/2023,15.09.2023,https://www.president.gov.ua/documents/5872023-48165
583/2023,14.09.2023,https://www.president.gov.ua/documents/5832023-48193
580/2023,13.09.2023,https://www.president.gov.ua/documents/5802023-48149
581/2023,13.09.2023,https://www.president.gov.ua/documents/5812023-48153
577/2023,12.09.2023,https://www.president.gov.ua/documents/5772023-48089
578/2023,12.09.2023,https://www.president.gov.ua/documents/5782023-48109
579/2023,12.09.2023,https://www.president.gov.ua/documents/5792023-48105
566/2023,08.09.2023,https://www.president.gov.ua/documents/5662023-48045
573/2023,08.09.2023,https://www.president.gov.ua/documents/5732023-48029
565/2023,07.09.2023,https://www.president.gov.ua/documents/5652023-48033
556/2023,04.09.2023,https://www.president.gov.ua/documents/5562023-48201
553/2023,03.09.2023,https://www.president.gov.ua/documents/5532023-48005
554/2023,03.09.2023,https://www.president.gov.ua/documents/5542023-48025
555/2023,03.09.2023,https://www.president.gov.ua/documents/5552023-48009
550/2023,01.09.2023,https://www.president.gov.ua/documents/5502023-48001
513/2023,24.08.2023,https://www.president.gov.ua/documents/5132023-47909
514/2023,24.08.2023,https://www.president.gov.ua/documents/5142023-47913
515/2023,24.08.2023,https://www.president.gov.ua/documents/5152023-47821
517/2023,24.08.2023,https://www.president.gov.ua/documents/5172023-47921
498/2023,23.08.2023,https://www.president.gov.ua/documents/4982023-47841
500/2023,23.08.2023,https://www.president.gov.ua/documents/5002023-47845
502/2023,23.08.2023,https://www.president.gov.ua/documents/5022023-47985
493/2023,18.08.2023,https://www.president.gov.ua/documents/4932023-47837
490/2023,17.08.2023,https://www.president.gov.ua/documents/4902023-47789
488/2023,16.08.2023,https://www.president.gov.ua/documents/4882023-47777
489/2023,16.08.2023,https://www.president.gov.ua/documents/4892023-47781
486/2023,14.08.2023,https://www.president.gov.ua/documents/4862023-47785
485/2023,11.08.2023,https://www.president.gov.ua/documents/4852023-47773
483/2023,09.08.2023,https://www.president.gov.ua/documents/4832023-47765
482/2023,08.08.2023,https://www.president.gov.ua/documents/4822023-47761
470/2023,04.08.2023,https://www.president.gov.ua/documents/4702023-47693
471/2023,04.08.2023,https://www.president.gov.ua/documents/4712023-47697
473/2023,04.08.2023,https://www.president.gov.ua/documents/4732023-47701
456/2023,28.07.2023,https://www.president.gov.ua/documents/4562023-47665
463/2023,28.07.2023,https://www.president.gov.ua/documents/4632023-47685
467/2023,28.07.2023,https://www.president.gov.ua/documents/4672023-47677
468/2023,28.07.2023,https://www.president.gov.ua/documents/4682023-47681
448/2023,26.07.2023,https://www.president.gov.ua/documents/4482023-47621
449/2023,26.07.2023,https://www.president.gov.ua/documents/4492023-47625
450/2023,26.07.2023,https://www.president.gov.ua/documents/4502023-47613
445/2023,25.07.2023,https://www.president.gov.ua/documents/4452023-47597
446/2023,25.07.2023,https://www.president.gov.ua/documents/4462023-47633
447/2023,25.07.2023,https://www.president.gov.ua/documents/4472023-47617
440/2023,19.07.2023,https://www.president.gov.ua/documents/4402023-47581
432/2023,18.07.2023,https://www.president.gov.ua/documents/4322023-47533
433/2023,18.07.2023,https://www.president.gov.ua/documents/4332023-47537
434/2023,18.07.2023,https://www.president.gov.ua/documents/4342023-47529
435/2023,18.07.2023,https://www.president.gov.ua/documents/4352023-47549
436/2023,18.07.2023,https://www.president.gov.ua/documents/4362023-47545
437/2023,18.07.2023,https://www.president.gov.ua/documents/4372023-47553
438/2023,18.07.2023,https://www.president.gov.ua/documents/4382023-47541
375/2023,07.07.2023,https://www.president.gov.ua/documents/3752023-47585
358/2023,30.06.2023,https://www.president.gov.ua/documents/3582023-47173
360/2023,30.06.2023,https://www.president.gov.ua/documents/3602023-47145
361/2023,30.06.2023,https://www.president.gov.ua/documents/3612023-47141
362/2023,30.06.2023,https://www.president.gov.ua/documents/3622023-47181
363/2023,30.06.2023,https://www.president.gov.ua/documents/3632023-47177
350/2023,24.06.2023,https://www.president.gov.ua/documents/3502023-47137
345/2023,21.06.2023,https://www.president.gov.ua/documents/3452023-47109
336/2023,19.06.2023,https://www.president.gov.ua/documents/3362023-47073
337/2023,19.06.2023,https://www.president.gov.ua/documents/3372023-47077
338/2023,19.06.2023,https://www.president.gov.ua/documents/3382023-47093
330/2023,14.06.2023,https://www.president.gov.ua/documents/3302023-47041
331/2023,14.06.2023,https://www.president.gov.ua/documents/3312023-47037
332/2023,14.06.2023,https://www.president.gov.ua/documents/3322023-47045
333/2023,14.06.2023,https://www.president.gov.ua/documents/3332023-46949
328/2023,13.06.2023,https://www.president.gov.ua/documents/3282023-47025
320/2023,07.06.2023,https://www.president.gov.ua/documents/3202023-46997
316/2023,06.06.2023,https://www.president.gov.ua/documents/3162023-46977
317/2023,06.06.2023,https://www.president.gov.ua/documents/3172023-46985
318/2023,06.06.2023,https://www.president.gov.ua/documents/3182023-46969
313/2023,02.06.2023,https://www.president.gov.ua/documents/3132023-46957
314/2023,02.06.2023,https://www.president.gov.ua/documents/3142023-46961
315/2023,02.06.2023,https://www.president.gov.ua/documents/3152023-46953
309/2023,30.05.2023,https://www.president.gov.ua/documents/3092023-46929
310/2023,30.05.2023,https://www.president.gov.ua/documents/3102023-46925
306/2023,26.05.2023,https://www.president.gov.ua/documents/3062023-46913
302/2023,25.05.2023,https://www.president.gov.ua/documents/3022023-46877
303/2023,25.05.2023,https://www.president.gov.ua/documents/3032023-46873
304/2023,25.05.2023,https://www.president.gov.ua/documents/3042023-46885
305/2023,25.05.2023,https://www.president.gov.ua/documents/3052023-46881
296/2023,24.05.2023,https://www.president.gov.ua/documents/2962023-46869
284/2023,18.05.2023,https://www.president.gov.ua/documents/2842023-46813
282/2023,16.05.2023,https://www.president.gov.ua/documents/2822023-46773
272/2023,11.05.2023,https://www.president.gov.ua/documents/2722023-46725
269/2023,10.05.2023,https://www.president.gov.ua/documents/2692023-46705
270/2023,10.05.2023,https://www.president.gov.ua/documents/2702023-46701
262/2023,05.05.2023,https://www.president.gov.ua/documents/2622023-46681
259/2023,02.05.2023,https://www.president.gov.ua/documents/2592023-46677
260/2023,02.05.2023,https://www.president.gov.ua/documents/2602023-46661
256/2023,01.05.2023,https://www.president.gov.ua/documents/2562023-46649
257/2023,01.05.2023,https://www.president.gov.ua/documents/2572023-46653
258/2023,01.05.2023,https://www.president.gov.ua/documents/2582023-46657
253/2023,30.04.2023,https://www.president.gov.ua/documents/2532023-46621
243/2023,28.04.2023,https://www.president.gov.ua/documents/2432023-46589
244/2023,28.04.2023,https://www.president.gov.ua/documents/2442023-46597
245/2023,28.04.2023,https://www.president.gov.ua/documents/2452023-46601
246/2023,28.04.2023,https://www.president.gov.ua/documents/2462023-46593
247/2023,28.04.2023,https://www.president.gov.ua/documents/2472023-46585
238/2023,26.04.2023,https://www.president.gov.ua/documents/2382023-46617
234/2023,21.04.2023,https://www.president.gov.ua/documents/2342023-46581
229/2023,17.04.2023,https://www.president.gov.ua/documents/2292023-46545
230/2023,17.04.2023,https://www.president.gov.ua/documents/2302023-46541
224/2023,14.04.2023,https://www.president.gov.ua/documents/2242023-46469
215/2023,13.04.2023,https://www.president.gov.ua/documents/2152023-46453
217/2023,13.04.2023,https://www.president.gov.ua/documents/2172023-46429
218/2023,13.04.2023,https://www.president.gov.ua/documents/2182023-46433
219/2023,13.04.2023,https://www.president.gov.ua/documents/2192023-46445
220/2023,13.04.2023,https://www.president.gov.ua/documents/2202023-46425
206/2023,12.04.2023,https://www.president.gov.ua/documents/2062023-46437
198/2023,07.04.2023,https://www.president.gov.ua/documents/1982023-46309
199/2023,07.04.2023,https://www.president.gov.ua/documents/1992023-46297
200/2023,07.04.2023,https://www.president.gov.ua/documents/2002023-46293
201/2023,07.04.2023,https://www.president.gov.ua/documents/2012023-46301
202/2023,07.04.2023,https://www.president.gov.ua/documents/2022023-46305
203/2023,07.04.2023,https://www.president.gov.ua/documents/2032023-46289
187/2023,30.03.2023,https://www.president.gov.ua/documents/1872023-46261
188/2023,30.03.2023,https://www.president.gov.ua/documents/1882023-46265
190/2023,30.03.2023,https://www.president.gov.ua/documents/1902023-46253
185/2023,25.03.2023,https://www.president.gov.ua/documents/1852023-46241
178/2023,24.03.2023,https://www.president.gov.ua/documents/1782023-46229
179/2023,24.03.2023,https://www.president.gov.ua/documents/1792023-46237
183/2023,24.03.2023,https://www.president.gov.ua/documents/1832023-46205
184/2023,24.03.2023,https://www.president.gov.ua/documents/1842023-46201
176/2023,23.03.2023,https://www.president.gov.ua/documents/1762023-46197
168/2023,21.03.2023,https://www.president.gov.ua/documents/1682023-46153
170/2023,21.03.2023,https://www.president.gov.ua/documents/1702023-46173
173/2023,21.03.2023,https://www.president.gov.ua/documents/1732023-46185
164/2023,20.03.2023,https://www.president.gov.ua/documents/1642023-46157
165/2023,20.03.2023,https://www.president.gov.ua/documents/1652023-46161
161/2023,17.03.2023,https://www.president.gov.ua/documents/1612023-46121
162/2023,17.03.2023,https://www.president.gov.ua/documents/1622023-46093
154/2023,16.03.2023,https://www.president.gov.ua/documents/1542023-46117
147/2023,14.03.2023,https://www.president.gov.ua/documents/1472023-46097
148/2023,14.03.2023,https://www.president.gov.ua/documents/1482023-46101
144/2023,10.03.2023,https://www.president.gov.ua/documents/1442023-46081
141/2023,08.03.2023,https://www.president.gov.ua/documents/1412023-46065
138/2023,07.03.2023,https://www.president.gov.ua/documents/1382023-46057
139/2023,07.03.2023,https://www.president.gov.ua/documents/1392023-46069
118/2023,02.03.2023,https://www.president.gov.ua/documents/1182023-45993
120/2023,02.03.2023,https://www.president.gov.ua/documents/1202023-45977
121/2023,02.03.2023,https://www.president.gov.ua/documents/1212023-45973
122/2023,02.03.2023,https://www.president.gov.ua/documents/1222023-45989
123/2023,02.03.2023,https://www.president.gov.ua/documents/1232023-45981
124/2023,02.03.2023,https://www.president.gov.ua/documents/1242023-46009
125/2023,02.03.2023,https://www.president.gov.ua/documents/1252023-45997
126/2023,02.03.2023,https://www.president.gov.ua/documents/1262023-46013
110/2023,26.02.2023,https://www.president.gov.ua/documents/1102023-45941
111/2023,26.02.2023,https://www.president.gov.ua/documents/1112023-45937
112/2023,26.02.2023,https://www.president.gov.ua/documents/1122023-45945
90/2023,23.02.2023,https://www.president.gov.ua/documents/902023-45841
91/2023,23.02.2023,https://www.president.gov.ua/documents/912023-45861
92/2023,23.02.2023,https://www.president.gov.ua/documents/922023-45865
93/2023,23.02.2023,https://www.president.gov.ua/documents/932023-45857
96/2023,23.02.2023,https://www.president.gov.ua/documents/962023-45877
97/2023,23.02.2023,https://www.president.gov.ua/documents/972023-45881
87/2023,21.02.2023,https://www.president.gov.ua/documents/872023-45837
81/2023,15.02.2023,https://www.president.gov.ua/documents/812023-45745
78/2023,14.02.2023,https://www.president.gov.ua/documents/782023-45753
79/2023,14.02.2023,https://www.president.gov.ua/documents/792023-45749
62/2023,07.02.2023,https://www.president.gov.ua/documents/622023-45725
63/2023,07.02.2023,https://www.president.gov.ua/documents/632023-45729
55/2023,02.02.2023,https://www.president.gov.ua/documents/552023-45709
53/2023,01.02.2023,https://www.president.gov.ua/documents/532023-45697
54/2023,01.02.2023,https://www.president.gov.ua/documents/542023-45693
47/2023,27.01.2023,https://www.president.gov.ua/documents/472023-45685
48/2023,27.01.2023,https://www.president.gov.ua/documents/482023-45681
49/2023,27.01.2023,https://www.president.gov.ua/documents/492023-45677
45/2023,26.01.2023,https://www.president.gov.ua/documents/452023-45665
46/2023,26.01.2023,https://www.president.gov.ua/documents/462023-45669
29/2023,24.01.2023,https://www.president.gov.ua/documents/292023-45625
34/2023,24.01.2023,https://www.president.gov.ua/documents/342023-45609
35/2023,24.01.2023,https://www.president.gov.ua/documents/352023-45605
25/2023,20.01.2023,https://www.president.gov.ua/documents/252023-45597
24/2023,17.01.2023,https://www.president.gov.ua/documents/242023-45593
16/2023,13.01.2023,https://www.president.gov.ua/documents/162023-45565
17/2023,13.01.2023,https://www.president.gov.ua/documents/172023-45557
20/2023,13.01.2023,https://www.president.gov.ua/documents/202023-45577
21/2023,13.01.2023,https://www.president.gov.ua/documents/212023-45561
22/2023,13.01.2023,https://www.president.gov.ua/documents/222023-45573
10/2023,09.01.2023,https://www.president.gov.ua/documents/102023-45521
6/2023,09.01.2023,https://www.president.gov.ua/documents/62023-45537
7/2023,09.01.2023,https://www.president.gov.ua/documents/72023-45533
8/2023,09.01.2023,https://www.president.gov.ua/documents/82023-45529
9/2023,09.01.2023,https://www.president.gov.ua/documents/92023-45525
902/2022,30.12.2022,https://www.president.gov.ua/documents/9022022-45493
903/2022,30.12.2022,https://www.president.gov.ua/documents/9032022-45341
899/2022,28.12.2022,https://www.president.gov.ua/documents/8992022-45469
900/2022,28.12.2022,https://www.president.gov.ua/documents/9002022-45473
901/2022,28.12.2022,https://www.president.gov.ua/documents/9012022-45477
890/2022,27.12.2022,https://www.president.gov.ua/documents/8902022-45441
891/2022,27.12.2022,https://www.president.gov.ua/documents/8912022-45465
873/2022,23.12.2022,https://www.president.gov.ua/documents/8732022-45337
874/2022,23.12.2022,https://www.president.gov.ua/documents/8742022-45409
885/2022,23.12.2022,https://www.president.gov.ua/documents/8852022-45333
886/2022,23.12.2022,https://www.president.gov.ua/documents/8862022-45329
871/2022,22.12.2022,https://www.president.gov.ua/documents/8712022-45357
870/2022,21.12.2022,https://www.president.gov.ua/documents/8702022-45325
869/2022,19.12.2022,https://www.president.gov.ua/documents/8692022-45345
864/2022,12.12.2022,https://www.president.gov.ua/documents/8642022-45285
861/2022,11.12.2022,https://www.president.gov.ua/documents/8612022-45249
847/2022,07.12.2022,https://www.president.gov.ua/documents/8472022-45193
832/2022,06.12.2022,https://www.president.gov.ua/documents/8322022-45121
830/2022,05.12.2022,https://www.president.gov.ua/documents/8302022-45117
823/2022,02.12.2022,https://www.president.gov.ua/documents/8232022-45105
824/2022,02.12.2022,https://www.president.gov.ua/documents/8242022-45109
818/2022,01.12.2022,https://www.president.gov.ua/documents/8182022-45073
819/2022,01.12.2022,https://www.president.gov.ua/documents/8192022-45093
803/2022,28.11.2022,https://www.president.gov.ua/documents/8032022-44977
804/2022,28.11.2022,https://www.president.gov.ua/documents/8042022-44981
805/2022,28.11.2022,https://www.president.gov.ua/documents/8052022-44993
806/2022,28.11.2022,https://www.president.gov.ua/documents/8062022-44989
807/2022,28.11.2022,https://www.president.gov.ua/documents/8072022-44997
798/2022,23.11.2022,https://www.president.gov.ua/documents/7982022-44961
799/2022,23.11.2022,https://www.president.gov.ua/documents/7992022-44965
796/2022,22.11.2022,https://www.president.gov.ua/documents/7962022-44957
795/2022,21.11.2022,https://www.president.gov.ua/documents/7952022-44941
793/2022,19.11.2022,https://www.president.gov.ua/documents/7932022-44933
779/2022,17.11.2022,https://www.president.gov.ua/documents/7792022-44869
780/2022,17.11.2022,https://www.president.gov.ua/documents/7802022-44853
781/2022,17.11.2022,https://www.president.gov.ua/documents/7812022-44865
782/2022,17.11.2022,https://www.president.gov.ua/documents/7822022-44861
783/2022,17.11.2022,https://www.president.gov.ua/documents/7832022-44857
768/2022,14.11.2022,https://www.president.gov.ua/documents/7682022-44817
759/2022,09.11.2022,https://www.president.gov.ua/documents/7592022-44757
753/2022,07.11.2022,https://www.president.gov.ua/documents/7532022-44713
755/2022,07.11.2022,https://www.president.gov.ua/documents/7552022-44721
756/2022,07.11.2022,https://www.president.gov.ua/documents/7562022-44725
751/2022,04.11.2022,https://www.president.gov.ua/documents/7512022-44709
752/2022,04.11.2022,https://www.president.gov.ua/documents/7522022-44797
747/2022,03.11.2022,https://www.president.gov.ua/documents/7472022-44693
744/2022,31.10.2022,https://www.president.gov.ua/documents/7442022-44645
745/2022,31.10.2022,https://www.president.gov.ua/documents/7452022-44653
746/2022,31.10.2022,https://www.president.gov.ua/documents/7462022-44649
735/2022,25.10.2022,https://www.president.gov.ua/documents/7352022-44533
729/2022,20.10.2022,https://www.president.gov.ua/documents/7292022-44497
698/2022,14.10.2022,https://www.president.gov.ua/documents/6982022-44477
711/2022,14.10.2022,https://www.president.gov.ua/documents/7112022-44457
718/2022,14.10.2022,https://www.president.gov.ua/documents/7182022-44429
695/2022,13.10.2022,https://www.president.gov.ua/documents/6952022-44381
696/2022,13.10.2022,https://www.president.gov.ua/documents/6962022-44377
689/2022,06.10.2022,https://www.president.gov.ua/documents/6892022-44361
676/2022,30.09.2022,https://www.president.gov.ua/documents/6762022-44241
672/2022,28.09.2022,https://www.president.gov.ua/documents/6722022-44217
674/2022,28.09.2022,https://www.president.gov.ua/documents/6742022-44225
668/2022,26.09.2022,https://www.president.gov.ua/documents/6682022-44201
652/2022,16.09.2022,https://www.president.gov.ua/documents/6522022-43997
650/2022,14.09.2022,https://www.president.gov.ua/documents/6502022-43985
647/2022,13.09.2022,https://www.president.gov.ua/documents/6472022-43981
642/2022,12.09.2022,https://www.president.gov.ua/documents/6422022-43929
643/2022,12.09.2022,https://www.president.gov.ua/documents/6432022-43925
636/2022,07.09.2022,https://www.president.gov.ua/documents/6362022-43913
627/2022,06.09.2022,https://www.president.gov.ua/documents/6272022-43801
628/2022,06.09.2022,https://www.president.gov.ua/documents/6282022-43805
619/2022,31.08.2022,https://www.president.gov.ua/documents/6192022-43797
617/2022,29.08.2022,https://www.president.gov.ua/documents/6172022-43773
598/2022,24.08.2022,https://www.president.gov.ua/documents/5982022-43769
614/2022,24.08.2022,https://www.president.gov.ua/documents/6142022-43693
593/2022,23.08.2022,https://www.president.gov.ua/documents/5932022-43681
595/2022,23.08.2022,https://www.president.gov.ua/documents/5952022-43765
590/2022,22.08.2022,https://www.president.gov.ua/documents/5902022-43689
583/2022,17.08.2022,https://www.president.gov.ua/documents/5832022-43673
585/2022,17.08.2022,https://www.president.gov.ua/documents/5852022-43665
582/2022,16.08.2022,https://www.president.gov.ua/documents/5822022-43649
580/2022,15.08.2022,https://www.president.gov.ua/documents/5802022-43601
571/2022,12.08.2022,https://www.president.gov.ua/documents/5712022-43597
572/2022,12.08.2022,https://www.president.gov.ua/documents/5722022-43589
570/2022,09.08.2022,https://www.president.gov.ua/documents/5702022-43585
569/2022,08.08.2022,https://www.president.gov.ua/documents/5692022-43573
562/2022,05.08.2022,https://www.president.gov.ua/documents/5622022-43541
556/2022,04.08.2022,https://www.president.gov.ua/documents/5562022-43537
557/2022,04.08.2022,https://www.president.gov.ua/documents/5572022-43517
558/2022,04.08.2022,https://www.president.gov.ua/documents/5582022-43513
551/2022,02.08.2022,https://www.president.gov.ua/documents/5512022-43493
548/2022,01.08.2022,https://www.president.gov.ua/documents/5482022-43405
541/2022,29.07.2022,https://www.president.gov.ua/documents/5412022-43481
540/2022,28.07.2022,https://www.president.gov.ua/documents/5402022-43193
532/2022,27.07.2022,https://www.president.gov.ua/documents/5322022-43449
524/2022,22.07.2022,https://www.president.gov.ua/documents/5242022-43401
526/2022,22.07.2022,https://www.president.gov.ua/documents/5262022-43421
523/2022,21.07.2022,https://www.president.gov.ua/documents/5232022-43397
517/2022,19.07.2022,https://www.president.gov.ua/documents/5172022-43317
498/2022,15.07.2022,https://www.president.gov.ua/documents/4982022-43313
497/2022,13.07.2022,https://www.president.gov.ua/documents/4972022-43305
492/2022,12.07.2022,https://www.president.gov.ua/documents/4922022-43265
493/2022,12.07.2022,https://www.president.gov.ua/documents/4932022-43285
487/2022,11.07.2022,https://www.president.gov.ua/documents/4872022-43261
476/2022,08.07.2022,https://www.president.gov.ua/documents/4762022-43225
473/2022,07.07.2022,https://www.president.gov.ua/documents/4732022-43213
470/2022,06.07.2022,https://www.president.gov.ua/documents/4702022-43209
471/2022,06.07.2022,https://www.president.gov.ua/documents/4712022-43201
472/2022,06.07.2022,https://www.president.gov.ua/documents/4722022-43205
463/2022,04.07.2022,https://www.president.gov.ua/documents/4632022-43125
468/2022,04.07.2022,https://www.president.gov.ua/documents/4682022-43105
461/2022,01.07.2022,https://www.president.gov.ua/documents/4612022-43097
462/2022,01.07.2022,https://www.president.gov.ua/documents/4622022-43101
460/2022,30.06.2022,https://www.president.gov.ua/documents/4602022-43093
449/2022,28.06.2022,https://www.president.gov.ua/documents/4492022-43077
447/2022,26.06.2022,https://www.president.gov.ua/documents/4472022-43001
437/2022,24.06.2022,https://www.president.gov.ua/documents/4372022-42993
433/2022,22.06.2022,https://www.president.gov.ua/documents/4332022-42961
431/2022,21.06.2022,https://www.president.gov.ua/documents/4312022-42957
432/2022,21.06.2022,https://www.president.gov.ua/documents/4322022-42953
429/2022,20.06.2022,https://www.president.gov.ua/documents/4292022-42949
427/2022,18.06.2022,https://www.president.gov.ua/documents/4272022-42937
417/2022,17.06.2022,https://www.president.gov.ua/documents/4172022-42917
418/2022,17.06.2022,https://www.president.gov.ua/documents/4182022-42921
419/2022,17.06.2022,https://www.president.gov.ua/documents/4192022-42929
425/2022,17.06.2022,https://www.president.gov.ua/documents/4252022-42925
409/2022,15.06.2022,https://www.president.gov.ua/documents/4092022-42857
414/2022,15.06.2022,https://www.president.gov.ua/documents/4142022-42885
415/2022,15.06.2022,https://www.president.gov.ua/documents/4152022-42889
416/2022,15.06.2022,https://www.president.gov.ua/documents/4162022-42893
404/2022,10.06.2022,https://www.president.gov.ua/documents/4042022-42829
405/2022,10.06.2022,https://www.president.gov.ua/documents/4052022-42833
397/2022,08.06.2022,https://www.president.gov.ua/documents/3972022-42801
396/2022,07.06.2022,https://www.president.gov.ua/documents/3962022-42797
394/2022,06.06.2022,https://www.president.gov.ua/documents/3942022-42773
395/2022,06.06.2022,https://www.president.gov.ua/documents/3952022-42789
393/2022,05.06.2022,https://www.president.gov.ua/documents/3932022-42785
391/2022,04.06.2022,https://www.president.gov.ua/documents/3912022-42777
385/2022,03.06.2022,https://www.president.gov.ua/documents/3852022-42761
390/2022,03.06.2022,https://www.president.gov.ua/documents/3902022-42769
384/2022,02.06.2022,https://www.president.gov.ua/documents/3842022-42765
381/2022,01.06.2022,https://www.president.gov.ua/documents/3812022-42721
382/2022,01.06.2022,https://www.president.gov.ua/documents/3822022-42725
379/2022,31.05.2022,https://www.president.gov.ua/documents/3792022-42713
376/2022,28.05.2022,https://www.president.gov.ua/documents/3762022-42709
373/2022,27.05.2022,https://www.president.gov.ua/documents/3732022-42685
375/2022,27.05.2022,https://www.president.gov.ua/documents/3752022-42693
372/2022,26.05.2022,https://www.president.gov.ua/documents/3722022-42689
370/2022,25.05.2022,https://www.president.gov.ua/documents/3702022-42637
366/2022,24.05.2022,https://www.president.gov.ua/documents/3662022-42653
367/2022,24.05.2022,https://www.president.gov.ua/documents/3672022-42661
368/2022,24.05.2022,https://www.president.gov.ua/documents/3682022-42665
360/2022,23.05.2022,https://www.president.gov.ua/documents/3602022-42649
357/2022,22.05.2022,https://www.president.gov.ua/documents/3572022-42629
358/2022,22.05.2022,https://www.president.gov.ua/documents/3582022-42625
359/2022,22.05.2022,https://www.president.gov.ua/documents/3592022-42645
349/2022,19.05.2022,https://www.president.gov.ua/documents/3492022-42593
347/2022,18.05.2022,https://www.president.gov.ua/documents/3472022-42581
348/2022,18.05.2022,https://www.president.gov.ua/documents/3482022-42589
343/2022,17.05.2022,https://www.president.gov.ua/documents/3432022-42565
340/2022,16.05.2022,https://www.president.gov.ua/documents/3402022-42557
334/2022,14.05.2022,https://www.president.gov.ua/documents/3342022-42533
332/2022,12.05.2022,https://www.president.gov.ua/documents/3322022-42513
328/2022,11.05.2022,https://www.president.gov.ua/documents/3282022-42493
329/2022,11.05.2022,https://www.president.gov.ua/documents/3292022-42497
331/2022,11.05.2022,https://www.president.gov.ua/documents/3312022-42509
323/2022,08.05.2022,https://www.president.gov.ua/documents/3232022-42477
320/2022,07.05.2022,https://www.president.gov.ua/documents/3202022-42469
312/2022,05.05.2022,https://www.president.gov.ua/documents/3122022-42433
313/2022,05.05.2022,https://www.president.gov.ua/documents/3132022-42437
308/2022,04.05.2022,https://www.president.gov.ua/documents/3082022-42417
295/2022,03.05.2022,https://www.president.gov.ua/documents/2952022-42365
292/2022,02.05.2022,https://www.president.gov.ua/documents/2922022-42345
293/2022,02.05.2022,https://www.president.gov.ua/documents/2932022-42349
289/2022,30.04.2022,https://www.president.gov.ua/documents/2892022-42337
290/2022,30.04.2022,https://www.president.gov.ua/documents/2902022-42329
286/2022,29.04.2022,https://www.president.gov.ua/documents/2862022-42845
284/2022,28.04.2022,https://www.president.gov.ua/documents/2842022-42309
283/2022,27.04.2022,https://www.president.gov.ua/documents/2832022-42305
279/2022,26.04.2022,https://www.president.gov.ua/documents/2792022-42289
280/2022,26.04.2022,https://www.president.gov.ua/documents/2802022-42293
281/2022,26.04.2022,https://www.president.gov.ua/documents/2812022-42297
276/2022,25.04.2022,https://www.president.gov.ua/documents/2762022-42281
278/2022,25.04.2022,https://www.president.gov.ua/documents/2782022-42285
272/2022,24.04.2022,https://www.president.gov.ua/documents/2722022-42253
270/2022,23.04.2022,https://www.president.gov.ua/documents/2702022-42245
268/2022,21.04.2022,https://www.president.gov.ua/documents/2682022-42233
265/2022,20.04.2022,https://www.president.gov.ua/documents/2652022-42221
263/2022,19.04.2022,https://www.president.gov.ua/documents/2632022-42209
261/2022,18.04.2022,https://www.president.gov.ua/documents/2612022-42201
262/2022,18.04.2022,https://www.president.gov.ua/documents/2622022-42205
254/2022,17.04.2022,https://www.president.gov.ua/documents/2542022-42161
255/2022,17.04.2022,https://www.president.gov.ua/documents/2552022-42165
256/2022,17.04.2022,https://www.president.gov.ua/documents/2562022-42169
243/2022,16.04.2022,https://www.president.gov.ua/documents/2432022-42137
247/2022,16.04.2022,https://www.president.gov.ua/documents/2472022-42145
242/2022,15.04.2022,https://www.president.gov.ua/documents/2422022-42133
240/2022,14.04.2022,https://www.president.gov.ua/documents/2402022-42125
236/2022,13.04.2022,https://www.president.gov.ua/documents/2362022-42109
238/2022,13.04.2022,https://www.president.gov.ua/documents/2382022-42117
229/2022,11.04.2022,https://www.president.gov.ua/documents/2292022-42089
226/2022,10.04.2022,https://www.president.gov.ua/documents/2262022-42081
223/2022,09.04.2022,https://www.president.gov.ua/documents/2232022-42057
224/2022,09.04.2022,https://www.president.gov.ua/documents/2242022-42061
220/2022,07.04.2022,https://www.president.gov.ua/documents/2202022-42049
216/2022,06.04.2022,https://www.president.gov.ua/documents/2162022-42041
214/2022,05.04.2022,https://www.president.gov.ua/documents/2142022-42033
215/2022,05.04.2022,https://www.president.gov.ua/documents/2152022-42037
210/2022,04.04.2022,https://www.president.gov.ua/documents/2102022-42017
212/2022,04.04.2022,https://www.president.gov.ua/documents/2122022-42025
202/2022,02.04.2022,https://www.president.gov.ua/documents/2022022-41989
203/2022,02.04.2022,https://www.president.gov.ua/documents/2032022-41993
204/2022,02.04.2022,https://www.president.gov.ua/documents/2042022-41997
205/2022,02.04.2022,https://www.president.gov.ua/documents/2052022-42001
200/2022,01.04.2022,https://www.president.gov.ua/documents/2002022-41981
194/2022,31.03.2022,https://www.president.gov.ua/documents/1942022-41961
190/2022,30.03.2022,https://www.president.gov.ua/documents/1902022-41941
186/2022,29.03.2022,https://www.president.gov.ua/documents/1862022-41893
187/2022,29.03.2022,https://www.president.gov.ua/documents/1872022-41897
180/2022,28.03.2022,https://www.president.gov.ua/documents/1802022-41869
182/2022,28.03.2022,https://www.president.gov.ua/documents/1822022-41877
183/2022,28.03.2022,https://www.president.gov.ua/documents/1832022-41881
184/2022,28.03.2022,https://www.president.gov.ua/documents/1842022-41885
175/2022,26.03.2022,https://www.president.gov.ua/documents/1752022-41841
178/2022,26.03.2022,https://www.president.gov.ua/documents/1782022-41857
168/2022,25.03.2022,https://www.president.gov.ua/documents/1682022-41813
169/2022,25.03.2022,https://www.president.gov.ua/documents/1692022-41817
160/2022,24.03.2022,https://www.president.gov.ua/documents/1602022-41789
165/2022,24.03.2022,https://www.president.gov.ua/documents/1652022-41801
166/2022,24.03.2022,https://www.president.gov.ua/documents/1662022-41805
158/2022,23.03.2022,https://www.president.gov.ua/documents/1582022-41781
157/2022,22.03.2022,https://www.president.gov.ua/documents/1572022-41777
149/2022,19.03.2022,https://www.president.gov.ua/documents/1492022-41749
145/2022,18.03.2022,https://www.president.gov.ua/documents/1452022-41741
144/2022,17.03.2022,https://www.president.gov.ua/documents/1442022-41733
140/2022,16.03.2022,https://www.president.gov.ua/documents/1402022-41717
141/2022,16.03.2022,https://www.president.gov.ua/documents/1412022-41721
134/2022,14.03.2022,https://www.president.gov.ua/documents/1342022-41693
131/2022,13.03.2022,https://www.president.gov.ua/documents/1312022-41685
128/2022,12.03.2022,https://www.president.gov.ua/documents/1282022-41665
123/2022,10.03.2022,https://www.president.gov.ua/documents/1232022-41637
124/2022,10.03.2022,https://www.president.gov.ua/documents/1242022-41641
117/2022,08.03.2022,https://www.president.gov.ua/documents/1172022-41613
113/2022,07.03.2022,https://www.president.gov.ua/documents/1132022-41597
112/2022,06.03.2022,https://www.president.gov.ua/documents/1122022-41581
105/2022,04.03.2022,https://www.president.gov.ua/documents/1052022-41553
79/2022,28.02.2022,https://www.president.gov.ua/documents/792022-41445